
INSERT INTO USER (INACTIVE, ENABLED, FIRST_NAME, LAST_NAME, PASSWORD, USERNAME, CREATE_USER_USERNAME, CREATE_DATE, EMAIL, ADDRESS, PHONE, SEND_EMAILS) VALUES(FALSE, TRUE, 'Admin', 'Istrator', 'passwd', 'admin', 'admin', '2016-01-01 00:00:00', 'hallo1@welt.at', 'Anichstrasse 19', '0660/1234455', TRUE)
INSERT INTO USER (INACTIVE, ENABLED, FIRST_NAME, LAST_NAME, PASSWORD, USERNAME, CREATE_USER_USERNAME, CREATE_DATE, EMAIL, ADDRESS, PHONE, SEND_EMAILS) VALUES(FALSE, TRUE, 'Hans', 'Berger', 'passwd', 'user1', 'admin', '2016-01-01 00:00:00', 'hallo2@welt.at', 'Anichstrasse 19', '0660/1234455', TRUE)
INSERT INTO USER (INACTIVE, ENABLED, FIRST_NAME, LAST_NAME, PASSWORD, USERNAME, CREATE_USER_USERNAME, CREATE_DATE, EMAIL, ADDRESS, PHONE, SEND_EMAILS) VALUES(FALSE, TRUE, 'Beate', 'Gassner', 'passwd', 'user2', 'admin', '2016-01-01 00:00:00', 'hallo3@welt.at', 'Anichstrasse 19', '0660/1234455', TRUE)
INSERT INTO USER (INACTIVE, ENABLED, FIRST_NAME, LAST_NAME, PASSWORD, USERNAME, CREATE_USER_USERNAME, CREATE_DATE, EMAIL, ADDRESS, PHONE, SEND_EMAILS) VALUES(FALSE, TRUE, 'Lois', 'Muster', 'passwd', 'user3', 'admin', '2016-01-01 00:00:00', 'hallo4@welt.at', 'Anichstrasse 19', '0660/1234455', TRUE)
INSERT INTO USER (INACTIVE, ENABLED, FIRST_NAME, LAST_NAME, PASSWORD, USERNAME, CREATE_USER_USERNAME, CREATE_DATE, EMAIL, ADDRESS, PHONE, SEND_EMAILS) VALUES(FALSE, TRUE, 'Tobi', 'Blau', 'passwd', 'user4', 'admin', '2016-01-01 00:00:00', 'hallo5@welt.at', 'Anichstrasse 19', '0660/1234455', TRUE)

INSERT INTO PERSON (PERSONID, NAME, PHONE, EMAIL) VALUES (1, 'Sabrina Egger', '0660/1234455', 'hallo14@welt.at')
INSERT INTO PERSON (PERSONID, NAME, PHONE, EMAIL) VALUES (2, 'Steve Egger', '0660/1234455', 'hallo15@welt.at')
INSERT INTO PERSON (PERSONID, NAME, PHONE, EMAIL) VALUES (3, 'Ahmet Egger', '0660/1234455', 'hallo16@welt.at')
INSERT INTO PERSON (PERSONID, NAME, PHONE, EMAIL) VALUES (4, 'Daniel Egger', '0660/1234455', 'hallo17@welt.at')
INSERT INTO PERSON (PERSONID, NAME, PHONE, EMAIL) VALUES (5, 'Hannes Rot', '0660/1234455', 'hallo18@welt.at')
INSERT INTO PERSON (PERSONID, NAME, PHONE, EMAIL) VALUES (6, 'Florian Blau', '0660/1234455', 'hallo19@welt.at')
INSERT INTO PERSON (PERSONID, NAME, PHONE, EMAIL) VALUES (7, 'Christoph Columbus', '0660/1234455', 'hallo20@welt.at')
INSERT INTO PERSON (PERSONID, NAME, PHONE, EMAIL) VALUES (8, 'Kenny West', '0660/1234455', 'hallo21@welt.at')

INSERT INTO USER_USER_ROLE (USER_USERNAME, ROLES) VALUES ('admin', 'PARENT')
INSERT INTO USER_USER_ROLE (USER_USERNAME, ROLES) VALUES ('user2', 'PARENT')
INSERT INTO USER_USER_ROLE (USER_USERNAME, ROLES) VALUES ('user1', 'EMPLOYEE')
INSERT INTO USER_USER_ROLE (USER_USERNAME, ROLES) VALUES ('admin', 'ADMIN')
INSERT INTO USER_USER_ROLE (USER_USERNAME, ROLES) VALUES ('admin', 'EMPLOYEE')
INSERT INTO USER_USER_ROLE (USER_USERNAME, ROLES) VALUES ('user3', 'PARENT')
INSERT INTO USER_USER_ROLE (USER_USERNAME, ROLES) VALUES ('user4', 'PARENT')

INSERT INTO CHILD (NAME, SEX, BIRTHDATE, ADDRESS, OTHER_INFORMATION, EMERGENCY_CONTACT, REGISTER_DATE, SIGN_OUT_DATE, DEREGISTERED) VALUES ('Josef Huber', 			'm',	'2016-01-01 00:00:00', 'Anichstrasse 19', 'info',	'Sabine Huber',	'2016-01-01 00:00:00', '2018-01-01 00:00:00', 'false')
INSERT INTO CHILD (NAME, SEX, BIRTHDATE, ADDRESS, OTHER_INFORMATION, EMERGENCY_CONTACT, REGISTER_DATE, SIGN_OUT_DATE, DEREGISTERED) VALUES ('Daniel Huber', 		'm',	'2016-01-01 00:00:00', 'Anichstrasse 19', 'info',	'Josef Huber',	'2016-01-01 00:00:00', '2018-01-01 00:00:00', 'false')
INSERT INTO CHILD (NAME, SEX, BIRTHDATE, ADDRESS, OTHER_INFORMATION, EMERGENCY_CONTACT, REGISTER_DATE, SIGN_OUT_DATE, DEREGISTERED) VALUES ('Daniel Huber inaktiv', 'm',	'2016-01-01 00:00:00', 'Anichstrasse 19', 'info',	'Sabine Huber',	'2016-01-01 00:00:00', '2016-01-01 00:00:00', 'true')
INSERT INTO CHILD (NAME, SEX, BIRTHDATE, ADDRESS, OTHER_INFORMATION, EMERGENCY_CONTACT, REGISTER_DATE, SIGN_OUT_DATE, DEREGISTERED) VALUES ('Fabian', 				'm', 	'1990-01-01 00:00:00', 'Anichstrasse 19', 'info', 	'Sabine Huber', '2016-01-01 00:00:00', '2018-01-01 00:00:00', 'false')
INSERT INTO CHILD (NAME, SEX, BIRTHDATE, ADDRESS, OTHER_INFORMATION, EMERGENCY_CONTACT, REGISTER_DATE, SIGN_OUT_DATE, DEREGISTERED) VALUES ('Daniel', 				'm', 	'1995-01-01 00:00:00', 'Anichstrasse 19', 'info2', 	'Sabine Huber', '2015-01-01 00:00:00', '2017-01-01 00:00:00', 'false')
INSERT INTO CHILD (NAME, SEX, BIRTHDATE, ADDRESS, OTHER_INFORMATION, EMERGENCY_CONTACT, REGISTER_DATE, SIGN_OUT_DATE, DEREGISTERED) VALUES ('Stefan', 				'm', 	'1994-01-01 00:00:00', 'Anichstrasse 19', 'info', 	'Sabine Huber', '2016-01-01 00:00:00', '2018-01-01 00:00:00', 'false')
INSERT INTO CHILD (NAME, SEX, BIRTHDATE, ADDRESS, OTHER_INFORMATION, EMERGENCY_CONTACT, REGISTER_DATE, SIGN_OUT_DATE, DEREGISTERED) VALUES ('Ahmet', 				'm', 	'1993-01-01 00:00:00', 'Anichstrasse 19', 'info', 	'Sabine Huber', '2016-01-01 00:00:00', '2018-01-01 00:00:00', 'false')
INSERT INTO CHILD (NAME, SEX, BIRTHDATE, ADDRESS, OTHER_INFORMATION, EMERGENCY_CONTACT, REGISTER_DATE, SIGN_OUT_DATE, DEREGISTERED) VALUES ('Sebastian', 			'm', 	'1995-01-01 00:00:00', 'Anichstrasse 19', 'info', 	'Sabine Huber', '2016-01-01 00:00:00', '2018-01-01 00:00:00', 'false')

INSERT INTO DAY (DATE, MAX_OCCUPATION, DAY_TYPE, DESCRIPTION) VALUES('2017-05-05 00:00:00', 10, 2, 'max. Belegung: 10')
INSERT INTO DAY (DATE, MAX_OCCUPATION, DAY_TYPE, DESCRIPTION) VALUES('2017-05-06 00:00:00', 10, 2, 'max. Belegung: 10')
INSERT INTO DAY (DATE, MAX_OCCUPATION, DAY_TYPE, DESCRIPTION) VALUES('2017-05-07 00:00:00', 10, 2, 'max. Belegung: 10')
INSERT INTO DAY (DATE, MAX_OCCUPATION, DAY_TYPE, DESCRIPTION) VALUES('2017-05-08 00:00:00', 10, 2, 'max. Belegung: 10')
INSERT INTO DAY (DATE, MAX_OCCUPATION, DAY_TYPE, DESCRIPTION) VALUES('2017-05-09 00:00:00', 10, 2, 'max. Belegung: 10')
INSERT INTO DAY (DATE, MAX_OCCUPATION, DAY_TYPE, DESCRIPTION) VALUES('2017-05-10 00:00:00', 10, 2, 'max. Belegung: 10')
INSERT INTO DAY (DATE, MAX_OCCUPATION, DAY_TYPE, DESCRIPTION) VALUES('2017-05-24 00:00:00', 10, 2, 'max. Belegung: 10')
INSERT INTO DAY (DATE, MAX_OCCUPATION, DAY_TYPE, DESCRIPTION) VALUES('2017-05-25 00:00:00', 10, 2, 'max. Belegung: 10')

INSERT INTO TODAYS_KIDS (CHILD_ID, DROP_OFF_TIME, PICK_UP_TIME, LUNCH, PICK_UP_PERSON, SIGNED_DATE) VALUES(1, '08:00', '15:00', true, 'Daniel', '2017-05-05 00:00:00')
INSERT INTO TODAYS_KIDS (CHILD_ID, DROP_OFF_TIME, PICK_UP_TIME, LUNCH, PICK_UP_PERSON, SIGNED_DATE) VALUES(2, '08:00', '15:00', true, 'Daniel', '2017-05-05 00:00:00')
INSERT INTO TODAYS_KIDS (CHILD_ID, DROP_OFF_TIME, PICK_UP_TIME, LUNCH, PICK_UP_PERSON, SIGNED_DATE) VALUES(3, '08:00', '15:00', true, 'Daniel', '2017-05-06 00:00:00')
INSERT INTO TODAYS_KIDS (CHILD_ID, DROP_OFF_TIME, PICK_UP_TIME, LUNCH, PICK_UP_PERSON, SIGNED_DATE) VALUES(1, '08:00', '15:00', true, 'Daniel', '2017-05-06 00:00:00')
INSERT INTO TODAYS_KIDS (CHILD_ID, DROP_OFF_TIME, PICK_UP_TIME, LUNCH, PICK_UP_PERSON, SIGNED_DATE) VALUES(4, '08:00', '15:00', true, 'Daniel', '2017-05-06 00:00:00')
INSERT INTO TODAYS_KIDS (CHILD_ID, DROP_OFF_TIME, PICK_UP_TIME, LUNCH, PICK_UP_PERSON, SIGNED_DATE) VALUES(4, '08:00', '15:00', true, 'Daniel', '2017-05-07 00:00:00')
INSERT INTO TODAYS_KIDS (CHILD_ID, DROP_OFF_TIME, PICK_UP_TIME, LUNCH, PICK_UP_PERSON, SIGNED_DATE) VALUES(4, '08:00', '15:00', true, 'Daniel', '2017-05-24 00:00:00')

INSERT INTO USER_CHILD (MY_PARENTS_USERNAME, MY_CHILDREN_CHILDID) VALUES ('admin', '1')
INSERT INTO USER_CHILD (MY_PARENTS_USERNAME, MY_CHILDREN_CHILDID) VALUES ('admin', '2')
INSERT INTO USER_CHILD (MY_PARENTS_USERNAME, MY_CHILDREN_CHILDID) VALUES ('user1', '1')
INSERT INTO USER_CHILD (MY_PARENTS_USERNAME, MY_CHILDREN_CHILDID) VALUES ('user1', '2')
INSERT INTO USER_CHILD (MY_PARENTS_USERNAME, MY_CHILDREN_CHILDID) VALUES ('user2', '3')
INSERT INTO USER_CHILD (MY_PARENTS_USERNAME, MY_CHILDREN_CHILDID) VALUES ('user2', '4')
INSERT INTO USER_CHILD (MY_PARENTS_USERNAME, MY_CHILDREN_CHILDID) VALUES ('user2', '5')
INSERT INTO USER_CHILD (MY_PARENTS_USERNAME, MY_CHILDREN_CHILDID) VALUES ('user3', '3')
INSERT INTO USER_CHILD (MY_PARENTS_USERNAME, MY_CHILDREN_CHILDID) VALUES ('user3', '4')
INSERT INTO USER_CHILD (MY_PARENTS_USERNAME, MY_CHILDREN_CHILDID) VALUES ('user4', '5')
INSERT INTO USER_CHILD (MY_PARENTS_USERNAME, MY_CHILDREN_CHILDID) VALUES ('user4', '6')
INSERT INTO USER_CHILD (MY_PARENTS_USERNAME, MY_CHILDREN_CHILDID) VALUES ('user4', '7')
INSERT INTO USER_CHILD (MY_PARENTS_USERNAME, MY_CHILDREN_CHILDID) VALUES ('user4', '8')


INSERT INTO PERSON_CHILD (MY_RELATIVES_PERSONID, KNOWN_CHILDREN_CHILDID) VALUES ('1', '1')
INSERT INTO PERSON_CHILD (MY_RELATIVES_PERSONID, KNOWN_CHILDREN_CHILDID) VALUES ('1', '2')
INSERT INTO PERSON_CHILD (MY_RELATIVES_PERSONID, KNOWN_CHILDREN_CHILDID) VALUES ('2', '1')
INSERT INTO PERSON_CHILD (MY_RELATIVES_PERSONID, KNOWN_CHILDREN_CHILDID) VALUES ('2', '2')
INSERT INTO PERSON_CHILD (MY_RELATIVES_PERSONID, KNOWN_CHILDREN_CHILDID) VALUES ('3', '3')
INSERT INTO PERSON_CHILD (MY_RELATIVES_PERSONID, KNOWN_CHILDREN_CHILDID) VALUES ('4', '4')
INSERT INTO PERSON_CHILD (MY_RELATIVES_PERSONID, KNOWN_CHILDREN_CHILDID) VALUES ('5', '5')
INSERT INTO PERSON_CHILD (MY_RELATIVES_PERSONID, KNOWN_CHILDREN_CHILDID) VALUES ('6', '6')
INSERT INTO PERSON_CHILD (MY_RELATIVES_PERSONID, KNOWN_CHILDREN_CHILDID) VALUES ('7', '7')
INSERT INTO PERSON_CHILD (MY_RELATIVES_PERSONID, KNOWN_CHILDREN_CHILDID) VALUES ('8', '8')
INSERT INTO PERSON_CHILD (MY_RELATIVES_PERSONID, KNOWN_CHILDREN_CHILDID) VALUES ('8', '7')
INSERT INTO PERSON_CHILD (MY_RELATIVES_PERSONID, KNOWN_CHILDREN_CHILDID) VALUES ('7', '4')

