INSERT INTO USER (INACTIVE, ENABLED, FIRST_NAME, LAST_NAME, PASSWORD, USERNAME, CREATE_USER_USERNAME, CREATE_DATE, EMAIL, ADDRESS, PHONE) VALUES(FALSE, TRUE, 'Admin', 'Istrator', 'passwd', 'admin', 'admin', '2016-01-01 00:00:00', 'hallo@welt.at', 'Anichstraße 19', '0660/1234455')
INSERT INTO USER_USER_ROLE (USER_USERNAME, ROLES) VALUES ('admin', 'ADMIN')
INSERT INTO USER_USER_ROLE (USER_USERNAME, ROLES) VALUES ('admin', 'EMPLOYEE')
INSERT INTO USER (INACTIVE, ENABLED, FIRST_NAME, LAST_NAME, PASSWORD, USERNAME, CREATE_USER_USERNAME, CREATE_DATE, EMAIL, ADDRESS, PHONE) VALUES(FALSE, TRUE, 'Hans', 'Berger', 'passwd', 'user1', 'admin', '2016-01-01 00:00:00', 'hallo@welt.at', 'Anichstraße 19', '0660/1234455')
INSERT INTO USER_USER_ROLE (USER_USERNAME, ROLES) VALUES ('user1', 'ADMIN')
INSERT INTO USER_USER_ROLE (USER_USERNAME, ROLES) VALUES ('user1', 'EMPLOYEE')
INSERT INTO USER_USER_ROLE (USER_USERNAME, ROLES) VALUES ('user1', 'PARENT')
INSERT INTO USER (INACTIVE, ENABLED, FIRST_NAME, LAST_NAME, PASSWORD, USERNAME, CREATE_USER_USERNAME, CREATE_DATE, EMAIL, ADDRESS, PHONE) VALUES(FALSE, TRUE, 'Beate', 'Gassner', 'passwd', 'user2', 'admin', '2016-01-01 00:00:00', 'hallo@welt.at', 'Anichstraße 19', '0660/1234455')
INSERT INTO USER_USER_ROLE (USER_USERNAME, ROLES) VALUES ('user2', 'ADMIN')
INSERT INTO USER_USER_ROLE (USER_USERNAME, ROLES) VALUES ('user2', 'EMPLOYEE')
INSERT INTO USER_USER_ROLE (USER_USERNAME, ROLES) VALUES ('user2', 'PARENT')
INSERT INTO PERSON (PERSONID, NAME, PHONE, EMAIL) VALUES (1, 'Sabrina Egger', '0660/1234455', 'hallo@welt.at')
INSERT INTO PERSON (PERSONID, NAME, PHONE, EMAIL) VALUES (2, 'Steve Egger', '0660/1234455', 'hallo@welt.at')
INSERT INTO PERSON (PERSONID, NAME, PHONE, EMAIL) VALUES (3, 'Ahmet Egger', '0660/1234455', 'hallo@welt.at')
INSERT INTO PERSON (PERSONID, NAME, PHONE, EMAIL) VALUES (4, 'Daniel Egger', '0660/1234455', 'hallo@welt.at')
INSERT INTO CHILD (CHILDID,NAME,SEX,BIRTHDATE,ADDRESS,EMERGENCY_CONTACT,REGISTER_DATE) VALUES (1, 'Josef Huber', 'Male','2016-01-01 00:00:00', 'Anichstrasse 19','Sabine Huber','2016-01-01 00:00:00')
INSERT INTO CHILD (CHILDID,NAME,SEX,BIRTHDATE,ADDRESS,EMERGENCY_CONTACT,REGISTER_DATE) VALUES (2, 'Daniel Huber', 'Male','2016-01-01 00:00:00', 'Anichstrasse 19','Josef Huber','2016-01-01 00:00:00')
INSERT INTO USER_CHILD (CHILD_SET_USER_CHILDID, USER_SET_CHILD_USERNAME) VALUES (1,'user1')
INSERT INTO USER_CHILD (CHILD_SET_USER_CHILDID, USER_SET_CHILD_USERNAME) VALUES (2,'user1')
INSERT INTO USER_USER_ROLE (USER_USERNAME, ROLES) VALUES ('admin', 'PARENT')

INSERT INTO CHILD (NAME, SEX, BIRTHDATE, ADDRESS, OTHER_INFORMATION, REGISTER_DATE, SIGN_OUT_DATE) VALUES('Fabian', 'm', '1990-01-01 00:00:00', 'Anichstraße 19', 'info', '2016-01-01 00:00:00', '2018-01-01 00:00:00')
INSERT INTO CHILD (NAME, SEX, BIRTHDATE, ADDRESS, OTHER_INFORMATION, REGISTER_DATE, SIGN_OUT_DATE) VALUES('Daniel', 'm', '1995-01-01 00:00:00', 'Anichstraße 19', 'info2', '2015-01-01 00:00:00', '2017-01-01 00:00:00')
INSERT INTO CHILD (NAME, SEX, BIRTHDATE, ADDRESS, OTHER_INFORMATION, REGISTER_DATE, SIGN_OUT_DATE) VALUES('Stefan', 'm', '1994-01-01 00:00:00', 'Anichstraße 19', 'info', '2016-01-01 00:00:00', '2018-01-01 00:00:00')
INSERT INTO CHILD (NAME, SEX, BIRTHDATE, ADDRESS, OTHER_INFORMATION, REGISTER_DATE, SIGN_OUT_DATE) VALUES('Ahmet', 'm', '1993-01-01 00:00:00', 'Anichstraße 19', 'info', '2016-01-01 00:00:00', '2018-01-01 00:00:00')
INSERT INTO CHILD (NAME, SEX, BIRTHDATE, ADDRESS, OTHER_INFORMATION, REGISTER_DATE, SIGN_OUT_DATE) VALUES('Sebastian', 'm', '1995-01-01 00:00:00', 'Anichstraße 19', 'info', '2016-01-01 00:00:00', '2018-01-01 00:00:00')

INSERT INTO DAY (DATE, DAY_OF_THE_WEEK) VALUES('2017-05-05 00:00:00', 'Friday')
INSERT INTO DAY (DATE, DAY_OF_THE_WEEK) VALUES('2017-05-06 00:00:00', 'Saturday')
INSERT INTO DAY (DATE, DAY_OF_THE_WEEK) VALUES('2017-05-07 00:00:00', 'Sunday')
INSERT INTO DAY (DATE, DAY_OF_THE_WEEK) VALUES('2017-05-08 00:00:00', 'Mo')
INSERT INTO DAY (DATE, DAY_OF_THE_WEEK) VALUES('2017-05-09 00:00:00', 'Tue')
INSERT INTO DAY (DATE, DAY_OF_THE_WEEK) VALUES('2017-05-10 00:00:00', 'We')

INSERT INTO TODAYS_KIDS (CHILD_ID, DROP_OFF_TIME, PICK_UP_TIME, LUNCH, PICK_UP_PERSON, SIGNED_DATE) VALUES(1, '08:00', '15:00', true, 'Daniel', '2017-05-05 00:00:00')
INSERT INTO TODAYS_KIDS (CHILD_ID, DROP_OFF_TIME, PICK_UP_TIME, LUNCH, PICK_UP_PERSON, SIGNED_DATE) VALUES(2, '08:00', '15:00', true, 'Daniel', '2017-05-05 00:00:00')
INSERT INTO TODAYS_KIDS (CHILD_ID, DROP_OFF_TIME, PICK_UP_TIME, LUNCH, PICK_UP_PERSON, SIGNED_DATE) VALUES(3, '08:00', '15:00', true, 'Daniel', '2017-05-06 00:00:00')
INSERT INTO TODAYS_KIDS (CHILD_ID, DROP_OFF_TIME, PICK_UP_TIME, LUNCH, PICK_UP_PERSON, SIGNED_DATE) VALUES(1, '08:00', '15:00', true, 'Daniel', '2017-05-06 00:00:00')
INSERT INTO TODAYS_KIDS (CHILD_ID, DROP_OFF_TIME, PICK_UP_TIME, LUNCH, PICK_UP_PERSON, SIGNED_DATE) VALUES(4, '08:00', '15:00', true, 'Daniel', '2017-05-06 00:00:00')
INSERT INTO TODAYS_KIDS (CHILD_ID, DROP_OFF_TIME, PICK_UP_TIME, LUNCH, PICK_UP_PERSON, SIGNED_DATE) VALUES(4, '08:00', '15:00', true, 'Daniel', '2017-05-07 00:00:00')

INSERT INTO USER_CHILD (USER_SET_CHILD_USERNAME, CHILD_SET_USER_CHILDID) VALUES('admin','1')
INSERT INTO USER_CHILD (USER_SET_CHILD_USERNAME, CHILD_SET_USER_CHILDID) VALUES('admin','2')
INSERT INTO PERSON_CHILD (PERSON_SET_PERSONID, CHILD_SET_PERSON_CHILDID) VALUES ('1', '1')
INSERT INTO PERSON_CHILD (PERSON_SET_PERSONID, CHILD_SET_PERSON_CHILDID) VALUES ('1', '2')
INSERT INTO PERSON_CHILD (PERSON_SET_PERSONID, CHILD_SET_PERSON_CHILDID) VALUES ('2', '1')
INSERT INTO PERSON_CHILD (PERSON_SET_PERSONID, CHILD_SET_PERSON_CHILDID) VALUES ('2', '2')

